column,aad
age,8.092136428233065
hours-per-week,7.334863555215506
