column,correct,count,acc
age,143,3921,3.647028819178781
education,1809,1809,100.0
occupation,362,1508,24.0053050397878
race,613,3317,18.480554718118782
hours-per-week,105,2111,4.973945997157745
attribute,2322,3016,76.9893899204244
