column,aad
age,8.098768356229275
hours-per-week,7.3269574088242795
