column,correct,count,acc
age,144,3921,3.672532517214996
education,1809,1809,100.0
occupation,403,1508,26.724137931034484
race,2668,3317,80.43412722339464
hours-per-week,116,2111,5.495026054002842
attribute,2325,3016,77.08885941644563
