column,aad
age,10.665087636191378
hours-per-week,7.465952563121653
