column,aad
Open,38.652008225041364
Low,25.381627205444833
Volume,512315098.8199195
CloseUSD,1036.0406177377242
