column,correct,count,acc
age,176,4222,4.1686404547607765
race,2263,2714,83.38246131171702
hours-per-week,206,3921,5.253761795460342
native-country,1750,2111,82.89909995262909
