column,correct,count,acc
age,138,3921,3.5195103289977046
education,1809,1809,100.0
occupation,402,1508,26.657824933687003
race,558,3317,16.822429906542055
hours-per-week,111,2111,5.258171482709616
attribute,2298,3016,76.19363395225464
