column,aad
age,8.05585309869931
hours-per-week,7.3244907626717195
