column,aad
age,8.071665391481766
hours-per-week,7.323543344386547
