column,aad
age,8.049222137209895
hours-per-week,7.290383704405495
