column,aad
Open,38.48656725960746
Low,25.38090786170399
Volume,517121563.89074445
CloseUSD,1036.0406177377242
