column,correct,count,acc
age,174,4222,4.121269540502132
race,2279,2714,83.9719970523213
hours-per-week,214,3921,5.457791379750064
native-country,1880,2111,89.05731880625297
