column,correct,count,acc
Open,1,4970,0.02012072434607646
Low,1,6213,0.016095284081764045
Volume,1,4970,0.02012072434607646
CloseUSD,1,3106,0.03219575016097875
