column,correct,count,acc
age,101,4222,2.3922311700615824
race,1792,2714,66.0280029476787
hours-per-week,31,3921,0.7906146391226728
native-country,1079,2111,51.11321648507816
