column,aad
Open,38.639265572678276
Low,25.429207413922203
Volume,514744105.74265593
CloseUSD,1010.3818230419363
